Slug,Title,,
כהנא-(ambiguous),(דרב כהנא),ignore,
אפי-(ambiguous),(ישראל),ignore,
ab-(72),Ab (72),disambiguated,
agriculture-(עבודת-אדמה)1,Agriculture (עבודת אדמה),nothing on this page,
aharon-halevi,Aharon HaLevi (Ra'ah),disambiguated,
anger-(חימה)1,Anger (חימה),disambiguated,
anger-(כעס),Anger (כעס),disambiguated,
rosh,Rabbenu Asher ben Yechiel (Rosh),disambiguated,
mordechai-jaffe,Mordecai ben Avraham Yoffe (or Jaffe or Joffe),disambiguated,whatever is in parenthesis can be added as alternative titles
barukh-ben-isaac-of-worms,Barukh ben Isaac the Frenchman (HaTzarfati),disambiguated,
rabbi-yehudah-b-betera-(i),Rabbi Yehudah ben Betera (I),disambiguated,
rabbi-yehudah-b-betera-(i),Rabbi Judah ben Bathyra (I),disambiguated,
rabbi-yehudah-b-betera-(i),Rabbi Judah ben Betera (I),disambiguated,
rabbi-yehudah-b-betera-(i),Rabbi Yehuda ben Beseira (I),disambiguated,
rabbi-yehudah-b-betera-(i),Rabbi Yehudah ben Betera (I),disambiguated,
rabbi-yehudah-b-betera-(i),Rabbi Yehuda ben Beteira (I),disambiguated,
rabbi-yehudah-b-betera-(i),Rabbi Judah ben Batera (I),disambiguated,
rabbi-yehudah-b-betera-(i),Rabbi Yehudah ben Betera (I),disambiguated,
rabbi-yehudah-b-betera-(i),Rabbi Judah ben Bathyra (I),disambiguated,
rabbi-yehudah-b-betera-(i),Rabbi Judah ben Betera (I),disambiguated,
rabbi-yehudah-b-betera-(i),Rabbi Yehuda ben Beseira (I),disambiguated,
rabbi-yehudah-b-betera-(i),Rabbi Yehudah ben Betera (I),disambiguated,
rabbi-yehudah-b-betera-(i),Rabbi Yehuda ben Beteira (I),disambiguated,
rabbi-yehudah-b-betera-(i),Rabbi Judah ben Batera (I),disambiguated,
priestly-blessing,Priestly Blessing (Birkat Kohanim),disambiguated,
blessings-(halakhah)1,Blessings (Halakhah),disambiguated,
breaching-(of-order),Breaching (of Order),disambiguated,
brisker-rav,Yitzchak Zev Soloveitchik (Brisker Rav),disambiguated,
israel-meir-kagan,Israel Meir Kagan (Chafetz Chaim),disambiguated,
chaim-ibn-attar,Chaim Ibn Attar (Ohr HaChaim),disambiguated,
moses-sofer,Moses Sofer (Chatam Sofer),disambiguated,
hayyim-joseph-david-azulai,Hayyim Joseph David Azulai (Chida),disambiguated,
chizkuni1,Chizkiah ben Manoach (Chizkuni),disambiguated,
jacob-isaac-horowitz,"Chozeh MiLublin (The ""Seer"")",disambiguated,
construct-state-(in-hebrew),Construct State (In Hebrew),not disambugated,only sheets
creation-(kabbalah),Creation (Kabbalah),disambiguated,
destruction-(השחתה)1,Destruction (השחתה),not disambugated,
dick-gregory-(zl),"Dick Gregory (Z""l)",not disambugated,
dov-baer-of-mezeritch-(maggid-of-mezeritch),Dov Baer of Mezeritch (Maggid of Mezeritch),not disambugated,only sheets
isaac-ben-moses-halevi,Isaac ben Moses HaLevi (Efodi),disambiguated,
elazar-rokeach-of-amsterdam,Maaseh Rokeach (on Mishna),disambiguated,
elazar-rokeach-of-amsterdam,מעשה רוקח (על משניות),disambiguated,
eliezer-(b-moshe),Eliezer (b. Moshe),disambiguated,
eliyahu-ben-abraham-mizrahi,Eliyahu Mizrachi (Re'em),disambiguated,
er-(firstborn-son-of-judah),Er (Firstborn Son of Judah),disambiguated,
fear-(פחד)1,Fear (פחד),disambiguated,
forgiveness-(מחילה)1,Forgiveness (מחילה),disambiguated,
four-questions,ארבע קושיות (מה נשתנה),disambiguated,
gamliel-(iv),Gamliel (iv),disambiguated,
rabban-gamliel-b-rabbi-(iii),Rabban Gamliel ben Rabbi (III),disambiguated,
goats-(שעירים)1,Goats (שעירים),disambiguated,
yihya-qafih,"Ha-Yashish (""the Elder"")",disambiguated,
naphtali-zevi-yehudah-berlin,Naphtali Tzvi Yehudah Berlin (Netziv),disambiguated,
rashba1,Shlomo ibn Adret (Rashba),disambiguated,
habakkuk-on-faith-(emunah),Habakkuk on Faith (Emunah),disambiguated,
rav-hanan-b-rabbah,Rebbi Hanan (bar Abba),disambiguated,
rav-hanan-b-rabbah,Rav Hanan (bar Abba),disambiguated,
hilchot-eruv-chatzerot-and-shituf-mevoaot,Merging of Shabbat Domains (Eruv Chatzerot),disambiguated,
hod-(kabbalah),Hod (Kabbalah),disambiguated,
hoshea-(the-prophet),הושע (הנביא),disambiguated,
joseph-ibn-migash,Joseph Ibn Migash (Ri Migash),disambiguated,
is-it-kosher-or-nat-the-halachot-of-nat-bar-nat-dheteira-(dairy-or-meat-equipment),Is It Kosher or Nat? The Halachot of Nat Bar Nat d'Heteira (Dairy or Meat Equipment),not disambugated,just sheets
isaac-ben-samuel-of-dampierre,Isaac ben Samuel of Dampierre (Ri HaZaken),disambiguated,
isaiah-halevi-horovitz,Isaiah Horowitz (Shelah),disambiguated,
isaiah-dtrani,Isaiah of Trani (the Elder),disambiguated,
joash-(king-of-israel),Joash (King of Israel),disambiguated,
maharal,Judah Loew ben Betzalel of Prague (Maharal),disambiguated,
judges-(שופט)1,Judges (שופט),disambiguated,
keter-(hokhma-and-bina),Keter (Ḥokhma and Bina),disambiguated,
kidnapping-(גנבת-נפש)1,Kidnapping (גנבת נפש),not disambugated,
kindness-(kabbalah),Kindness (Kabbalah),disambiguated,
lashes-(מלקות)1,Lashes (מלקות),disambiguated,
laughter-(שחוק)1,Laughter (שחוק),disambiguated,
leaders-(פרנס)1,Leaders (פרנס),disambiguated,
likutei-sichot-vol-13-behaalotecha-(a),Likutei Sichot Vol. 13 Behaalotecha (A),not disambugated,
love-your-neighbor-as-yourself,Love Your Neighbor as Yourself (V'Ahavta Lereiacha Kamocha),not disambugated,
manasseh-(grandfather-of-yonatan-ben-gershom),Manasseh (grandfather of Yonatan ben Gershom),disambiguated,
measurements-(שיעורין)1,Measurements (שיעורין),not disambugated,
menachem-mendel-schneersohn-(last-lubavitcher-rebbe),Menachem Mendel Schneersohn (Last Lubavitcher Rebbe),disambiguated,
menachem-mendel-schneersohn-(last-lubavitcher-rebbe),"מנחם מנדל שניאורסון‏ (רבי האחרון של חב""ד)",disambiguated,
menachem-mendel-schneersohn-(third-lubavitcher-rebbe),Menachem Mendel Schneersohn (Third Lubavitcher Rebbe),disambiguated,
menachem-ben-yosef-chazzan,רבי מנחם בן רבי יוסף הלוי חזן (חזון),not disambugated,alternative titles
menasheh-(amora),Menasheh (Amora),disambiguated,
mightier-(in-number),Mightier (In Number),not disambugated,
money-(ממון)1,Money (ממון),disambiguated,
moses-chaim-luzzatto-(ramchal),Moses Chaim Luzzatto (Ramchal),disambiguated,
moses-isserles-(rema),Moses Isserles (Rema),disambiguated,
ramban,Moses ben Nachman (Ramban),disambiguated,
mussar-(מוסר-)1,Mussar (מוּסָר ),not disambugated,
naftali-tzvi-horowitz,Rabbi Naftali Tzvi Horowitz (Rubin),disambiguated,
neshama-(kabbalah),Neshama (Kabbalah),disambiguated,
nissim-of-gerona-(ran),Nissim of Gerona (Ran),disambiguated,
yehezkel-landau,Yechezkel Landau (Noda BiYehudah),disambiguated,
ohel-moed,Tent of Meeting (Ohel Moed),disambiguated,
parsha-questions-(advanced),Parsha Questions (Advanced),not disambugated,sheets
parsha-questions-(advanced),שאלות פרשה (מתקדם),not disambugated,sheets
parsha-questions-(lamdut),Parsha Questions (Lamdut),not disambugated,sheets
parsha-questions-(lamdut),שאלות פרשה (למידות),not disambugated,sheets
piel-(verb-form),Piel (Verb Form),not disambugated,sheets
taharah,Purity (Taharah),disambiguated,
rabban-shimon-b-gamliel,Rabban Shimon ben Gamliel (I),disambiguated,
rabban-shimon-b-gamliel,Rabban Shimon ben Gamaliel (I),disambiguated,
rabban-shimon-b-gamliel,Rabban Simeon ben Gamaliel (I),disambiguated,
rabban-shimon-b-gamliel-(ii),Rabban Shimon ben Gamliel (II),disambiguated,
rabban-shimon-b-gamliel-(ii),Rabban Shimon ben Gamliel (II),disambiguated,
rabban-shimon-b-gamliel-(ii),Rabban Shimon ben Gamaliel (II),disambiguated,
rabban-shimon-b-gamliel-(ii),Rabban Simeon ben Gamaliel (II),disambiguated,
rabban-shimon-b-gamliel-(ii),Rabban Shimon ben Gamliel (II),disambiguated,
rabban-shimon-b-gamliel-(ii),Rabban Shimon ben Gamliel (II),disambiguated,
rabban-shimon-b-gamliel-(ii),Rabban Shimon ben Gamaliel (II),disambiguated,
rabban-shimon-b-gamliel-(ii),Rabban Simeon ben Gamaliel (II),disambiguated,
rachel-(rabbi-akiva),Rachel (Wife of Rabbi Akiva),disambiguated,
rachel-(rabbi-akiva),רחל (אשתו של רבי עקיבא),disambiguated,
rabbi-elazar-b-tzadok-(i),Rabbi Elazar ben Tzadok (I),disambiguated,
rabbi-elazar-b-tzadok-(ii),Rabbi Elazar ben Tzadok (II),disambiguated,
rabbi-elazar-b-tzadok-(ii),Rabbi Eleazar ben Zadok (II),disambiguated,
rabbi-eliezer-b-yaakov-(ii),Rabbi Eliezer ben Ya'akov (II),disambiguated,
rabbi-eliezer-b-yaakov-(ii),Rabbi Eleazar ben Jacob (II),disambiguated,
rabbi-eliezer-b-yaakov-(ii),Rabbi Eliezar ben Jacob (II),disambiguated,
rabbi-eliezer-b-yaakov-(ii),Rabbi Eliezer ben Yaakov (II),disambiguated,
rabbi-eliezer-b-yaakov-(ii),Rav Eliezer ben Ya’akov (II),disambiguated,
rabbi-eliezer-b-yaakov-(ii),Rabbi Eliezer ben Jacob (II),disambiguated,
rabbi-eliezer-b-yaakov-(i),Rabbi Eliezer ben Ya'akov (I),disambiguated,
rabbi-eliezer-b-yaakov-(i),Rabbi Eleazar ben Jacob (I),disambiguated,
rabbi-eliezer-b-yaakov-(i),Rabbi Eliezar ben Jacob (I),disambiguated,
rabbi-eliezer-b-yaakov-(i),Rabbi Eliezer ben Yaakov (I),disambiguated,
rabbi-eliezer-b-yaakov-(i),Rav Eliezer ben Ya’akov (I),disambiguated,
rabbi-eliezer-b-yaakov-(i),Rabbi Eliezer ben Jacob (I),disambiguated,
ראבי-(ambiguous),ור' אליעזר (בן יעקב),?,
rabbi-yehudah-b-betera-(ii),Rabbi Yehudah ben Betera (II),disambiguated,
rabbi-yehudah-b-betera-(ii),Rabbi Judah ben Bathyra (II),disambiguated,
rabbi-yehudah-b-betera-(ii),Rabbi Judah ben Betera (II),disambiguated,
rabbi-yehudah-b-betera-(ii),Rabbi Yehuda ben Beseira (II),disambiguated,
rabbi-yehudah-b-betera-(ii),Rabbi Yehudah ben Betera (II),disambiguated,
rabbi-yehudah-b-betera-(ii),Rabbi Yehuda ben Beteira (II),disambiguated,
rabbi-yehudah-b-betera-(ii),Rabbi Judah ben Batera (II),disambiguated,
rabbi-yehudah-b-betera-(ii),Rabbi Yehudah ben Betera (II),disambiguated,
rabbi-yehudah-b-betera-(ii),Rabbi Judah ben Bathyra (II),disambiguated,
rabbi-yehudah-b-betera-(ii),Rabbi Judah ben Betera (II),disambiguated,
rabbi-yehudah-b-betera-(ii),Rabbi Yehuda ben Beseira (II),disambiguated,
rabbi-yehudah-b-betera-(ii),Rabbi Yehudah ben Betera (II),disambiguated,
rabbi-yehudah-b-betera-(ii),Rabbi Yehuda ben Beteira (II),disambiguated,
rabbi-yehudah-b-betera-(ii),Rabbi Judah ben Batera (II),disambiguated,
yehuda-ben-barzillai,Rabbi Yehuda ben Barzillai (Albargeloni),disambiguated,
rabbi-yochanan-(hanapacha)-and-rabbi-shimon-b-lakish-(reish-lakish),Rabbi Yochanan (b. Hanafach) and Rabbi Shimon b. Lakish (Reish Lakish),disambiguated,
rabbi-yochanan-(hanapacha)-and-rabbi-shimon-b-lakish-(reish-lakish),רַ' יוֹחָנָן (בֶּן הַנַּפָּח) וְרַ' שִׁמְעוֹן בֶּן לָקִישׁ (רֵישׁ לָקִישׁ),disambiguated,
rabbi-yochanan-(hanapacha)-and-rabbi-shimon-b-lakish-(reish-lakish),Rabbi Yochanan (Hanapacha) and Rabbi Shimon b. Lakish (Reish Lakish),disambiguated,
rabbi-yochanan-(hanapacha)-and-rabbi-shimon-b-lakish-(reish-lakish),Rabbi Yochanan (b. Hanafach) and Rabbi Shimon ben Lakish (Reish Lakish),disambiguated,
rabbi-yochanan-(hanapacha)-and-rabbi-shimon-b-lakish-(reish-lakish),Rabbi Yochanan (Hanapacha) and Rabbi Shimon ben Lakish (Reish Lakish),disambiguated,
rachel-(related-to-rabbi-akiva),Rachel (related to Rabbi Akiva),disambiguated,
rachel-(related-to-rabbi-akiva),רחל (קשורה לרבי עקיבא),disambiguated,
rav-adda-b-ahavah-(i),Rav Adda ben Ahavah (I),disambiguated,
rav-adda-b-ahavah-(ii),Rav Adda ben Ahavah (II),disambiguated,
rav-idi-b-avin-(i),Rav Idi ben Avin (I),disambiguated,
rav-idi-b-avin-(ii),Rav Idi ben Avin (II),disambiguated,
ravina-b-huna-(ii),Ravina ben Huna (II),disambiguated,
rebbi-hama-(bar-guria),Rebbi Hama (bar Guria),disambiguated,
reparations-for-slavery-(us),Reparations for Slavery (U.S.),not disambugated,
sag-(63),Sag (63),not disambugated,
sanctuary-(song),Sanctuary (Song),disambiguated,
sefira-(kabbalah),Sefira (Kabbalah),disambiguated,
sefirot-(kabbalah),Sefirot (Kabbalah),disambiguated,
self-definition-(external),Self Definition (External),not disambugated,sheets
self-definition-(external),Self-Definition (External),not disambugated,sheets
self-definition-(internal),Self Definition (Internal),not disambugated,sheets
self-definition-(internal),Self-Definition (Internal),not disambugated,sheets
shefa-(kabbalah),Shefa (Kabbalah),disambiguated,
shmuel-(amora)1,Shmuel (Amora),disambiguated,
the-name-mah-(45),The name Mah (45),disambiguated,
tiferet-(kabbalah),Tiferet (Kabbalah),disambiguated,
to-(על)1,To (על),?,
yom-tov-lipmann-heller,Yom Tov Lipmann Heller (Tosefot Yom Tov),disambiguated,
tzimtzum-(kabbalah),Tzimtzum (Kabbalah),disambiguated,
understanding-(kabbalah),Understanding (Kabbalah),disambiguated,
wednesdays-in-mississippi-(wims),Wednesdays in Mississippi (WIMS),not disambugated,just sheets
willows,ערבה (ארבעת המינים),disambiguated,
wisdom-(kabbalah),Wisdom (Kabbalah),disambiguated,
work-(מלאכה)1,Work (מלאכה),disambiguated,
yannai1,Yannai (Paytan),disambiguated,
yannai1,יניי (פייטן),disambiguated,
yesod-(kabbalah),Yesod (Kabbalah),disambiguated,
yibbum-(levirate-marriage),Yibbum (Levirate Marriage),disambiguated,
yisrael-(jacob),Yisrael (Jacob),disambiguated,
yitzchak-meir-rotenberg-alter,יצחק מאיר רוטנברג (אלתר),disambiguated,
אצילות-(קבלה),אצילות (קבלה),disambiguated,
הריון-(התעברות),הריון (התעברות),not disambugated,sheets
חברה-(סביבה-אנושית),חברה (סביבה אנושית),not disambugated,sheets
חסידות-(מידה),חסידות (מידה),disambiguated,
חסידות-(תנועה),חסידות (תנועה),disambiguated,
עיבוד-(פרפרזה),עיבוד (פרפרזה),not disambugated,sheets
פאה-(בשדה),פאה (בשדה),not disambugated,sheets
צפון-(מצה),צפון (מצה),not disambugated,sheets
ראה-(verb),ראה (Verb),not disambugated,sheets
שעיר-(עם),שעיר (עם),not disambugated,sheets