Ref,Expected Tag,Start Tag,End Tag,CSV Text
Jerusalem Talmud Berakhot 6:1,20b,2a,14d,"['@ר\' יצחק בר מרי קומי ר\' יוסי ב""ר אבון כו\'.# — בבבלי (נ""א א\') באותו ענין ר\' יצחק קסקסאה קמיה דר\' יוסי בר אבין כו\' ומהבבלי והירושלמי יחד יש לשער דר\' יצחק בר מרי הוא עצמו ר\' יצחק קסקסאה.', '@שלח ר\' זירא גבי אילין דבית ר\' ינאי.# — פי\' בית ר\' ינאי הן החכמים שלמדו בבית מדרשו אע""פ שכבר נפטר ר\' ינאי עצמו. והיה מקומו בעיר עכברי ע\' עירובין פ""ח ה""ד [כ""ה ע""א] וכ""כ הדורות הראשונים ח""ב דף קל""ח.', '@אפיק קומיהון פרגן ואחונייא וקפלוטין כו\'.# — פי\' אחונייא הן מין פרי העץ (ע\' דמאי פ""ב ה""א (דף כ""ב רע""ד) ""אחיניות הבכורות"" ופירש ר\' האי גאון בספרו המאסף ערך אוח שם פרי ובבבלי דמכילתין ל""ט א\' איתא במקום ""אחונייא"" דהכא ""דורמסקין"" ומבואר ברש""י וערוך ערך דרמסקין ובמוסף ערוך שם שהוא מין פרי עץ אגסים וע\' רשב""א ל""ח ב\' פירש לאחנייא דכאן שהוא מין עשב כדלעיל ה""א הב @אחוונא# לתורייא כו\' כמו אחו שבמקרא אבל אין זה מחוור דאחוונא לחוד ואחונייא לחוד) ולפיכך אם היה מברך על הקפלוט בורא פרי האדמה היה פוטר את האחונייא כדתנן בירך על פרי האילן בורא פרי האדמה יצא.']"
Jerusalem Talmud Berakhot 6:1,20c,2a,14d,"['@מסתברא מברך על הקפלוט שהכל טפלה לו# (ומ""ש לפנינו בינתיים המלות ""נהיה בדברו"" יש למחוק ואינו בנוסח מהרש""ס [ולא בכי""ר]), פי\' שעיקר תבשיל כזה הוא הקפלוט אלא שדרך ליתן בו גם בשר ופירות כדי למתק את טעמו וכ""ה דרך בשול הקפלוט גם בזמננו כנודע.', '@ריב""ל אמר מה פליגין כו\'.# — צ""ל מה פליגין ר\' יודה ורבנן בשהיה בדעתו לאכול פת (פי\' דאז אינו צריך לברך אחרי הפירות דלשיטת הירושלמי ג\' ברכות פוטרות מעין ג\' אם מכוין לפוטרן) אבל אם אין בדעתו כו\' ממין ז\' עליו הוא מברך (פי\' שמאחר דצריך לברך לאחריהן, ברכת מעין ג\' חשובה מברכה אחת ומברך לאחריהן מעין ג\' וכיון שמברך לאחריהן על מין שבעה צריך לברך גם לפניהם על מין ז\') א""ר אבא צריך לברך בסוף (פי\' דאם אכל פירות ודעתו לאכול פת צריך לברך בסוף על הפירות קודם שיאכל פת) א""ר יוסי כו\' ומר ר\' בא צריך לברך בסוף (פי\' ולכך אין הפרש בין שהיה בדעתו לאכול פת בין שלא היה בדעתו לאכול פת) הדא גריזמתא (ומה שבינתיים שייך למטה) כו\' על תורמסה (פי\' גריזמתא הוא תבשיל שעושין מתורמסין ותמרים ואגוזים לקנוח סעודה והעיקר בזה הוא התורמוס והשאר לטפלה) שהכל נעשה טפילה ותנינן תמן כל שהוא עיקר ועמו טפלה מברך על העיקר ופוטר את הטפילה א""ר לוי על שם אל תגזול דל כי דל הוא (פי\' שהתורמסין נמכרין בזול ודרך עניים לאוכלן וע\' במדרש תנחומא פ\' במדבר אות כ""ב אל תגזול דל זה התורמוס שנכנס עם הפרפרת לא יאמר אדם יש לפני אגוזים ותמרים עליהם אני אומר ברכה תחלה ואניח את התורמוס אמר הקב""ה אל תגזול דל ע""כ וע\' בסו""ס יש""ש ב""ק בדברים שבין בני בבל לבני א""י סימן כ\' ""בני בבל בשעה שיש תורמסין ופרי עץ מברכין על פרי העץ ומניחין פרי האדמה בני א""י מברכין על התורמסין שהכל בכלל אדמה"") עד כדון כו\' לא היה בדעתו לאכול פת לא בדה (פי\' דמאחר שצריך לברך לאחריהן מעין ג\' על התמרים לפיכך צריך לברך עליהן ג""כ בתחלה וכ""ש למעלה, ומעט מזה מצאתי בהגהות הגר""א).', '@א""ר יוסי ד""ה היא כו\' בש""א לא פטר את מעשה קדירה.# — צ""ל: בש""א לא פטר את @הפרפרת #ולא את מעשה קדירה.']"
Jerusalem Talmud Berakhot 6:1,20d,2a,14d,"['@אשר נתן ריח טוב בשמן ערב כו\' יצחק בר אבא כו\'.# — חסר בינתיים וכצ""ל: אשר נתן ריח טוב בשמן ערב כיצד מברכין על חילפי דימא א""ל אשר נתן ריח טוב בעצי בשמים יצחק בר אבא כו\' (ע\' בבלי מ""ג ב\' ומשם תבין שהגהתנו נכונה).', '@שקיזמא ופיתא כו\'.# — במעריך ערך שקיזמין כתב שהוא בלשון יונית חתיכות פת מבושלות שאם אין הפרוסות קיימות הדין לברך עליה במ""מ כלעיל ה""א.']"
Jerusalem Talmud Challah 4:1,120a,57a,60b,"['@מטמא טומאת אוכלין ואת אמרת מאוכל הכלב.# — צ""ל: שורפין אותה בטומאה ואת אמרת מאוכל הכלב.', '@שתורמין מעלי איסתפניני על האיסתפניני במקום שאוכלין אותה.# — צ""ל: במקום שאוכלין אותן (פי\' את העלין מפני שיש מקומות שזורקין את העלין ואין אוכלין אותן, וכתב במוסף הערוך ערך אסטפניני שהוא מין תבלין של קדירה).', ""@גמליאל זוגא אינשי מתקנה איסתנינותיא.# — פי' ונתנו בתבשיל כדרך התבלין ולא היה אצלו איסתפניני אחר להפריש על זה שבתבשיל."", '@תני תרומת מעשר של דמאי איתא חמי כו\'.# — צ""ל: תני תרומת מעשר של דמאי ניטלת מן הטהור על הטמא איתא חמי תרומת מעשר של ודאי ניטלת מן הטהור על הטמא (תרומות פ""ב ה""א) תרומת מעשר של דמאי לא כ""ש א""ר יוסי בספק תרומה גדולה אנן קיימין ספק הפריש תרומה ספק לא הפריש (פי\' שדמאי דתני בברייתא זו אין המכוון בסתם דמאי דהיינו פירות שלקח מע""ה דבזה לא צריך לאשמועינן אלא דמאי דהכא היינו ביש לו סאה טהורה וסאה טמאה שנסתפק לו אם הפריש מהן תרומה ואם לאו ובזה הודיענו שמותר לו להפריש מהסאה הטהורה על הסאה הטמאה) כמה דתימר מן הודאי על הדמאי תרומה ולא תאכל עד שיוציא עליה תרומה ומעשרות (דמאי פ""ה מי""א) ואמר אוף הכא כן (פי\' בספק על הספק כן מפני שאפשר שכבר תרם מאחת ומהשנייה לא תרם) כאן בודאי כאן בספק (פי\' שאין חוששין אלא בודאי על הספק אבל לא מספק על הספק).', '@אלא בחכירי אבות כגון מהלין (רא""פ) דבית רבי.# — באו""ז ח""א סימן ר""נ העתיק מהלין דבית ר\' ינאי.', '@א""ר בון בר חייא אני אומר אותה של אור נותן לו כו\'.# — צ""ל: אני אומר אותה של אור תיקן, אותה שנתן לו לא תיקן א""ר מנא כאן בא""י כאן בסוריא (פי\' שבסוריא שמעשרותיהן מדרבנן אין אימתן עליו) הלוקח מן הנחתום ומן האשה כו\' צריך להפריש כו\' (פי\' בא""י כדמוכח בדמאי פ""ה מ""א וע\' מ""ש בערלה פ""ב ה""א [עמ\' 134] וזה דלא כהרמב""ם בסופ""ח מהלכות בכורים).', '@חזקת בעלי בתים בסוריא אינו צריך להפריש חלת דמאי כו\'.# —צ""ל: אינו צריך להפריש דמאי (פי\' דרוב שדות של סוריא הן של גוים ויש קנין לגוי בסוריא להפקיע מיד מעשר) אם יודע שרוב מכנסו משלו צריך להפריש דמאי (כ""ה בתוספתא דמאי פ""א) רבב""ח בעי לית הדא פליגא על ר\' הושעיה א""ר מנא כאן בודאי (פי\' שידוע שהוא משלו דהיינו ברוב מכנסו משלו מפריש דמאי) וכאן בספק (פי\' כגון שאין רוב מכנסו משלו וה""ז ספק אם הוא מתבואה של ישראל בסוריא בזה לא הניח ר\' הושעיה להנהיג את הדמאי).', ""@והוא שמשך עפר.# — פי' דמה שנתן נתן אינו אלא באופן שנעשה עפר שראוי לזריעה אבל אם הוא עדיין כרקק דהיינו עפר רך ואינו ראוי לזריעה הרי דינו כירדן עצמו."", '@מאן אינון הרובין תרגמוניא.# — בתבואות הארץ פרק א\' (דף ט""ז מדפוס ירושלים תר""ס) כתב דתרגמוניא היא אומה אכזרית וכבשו ארץ בבל ולא הניחו לישראל לקיים המצות ע""כ ולפ""ז רובין מלשון רבה קשת, אבל לא נודע בדברי הימים מתי כבשה אומה זו לארץ בבל. ולי נראה דרוכין ותורגמניא הן החברים שבאו לבבל בימי ר\' יוחנן וגזרו גזרות על ישראל כדאיתא בבבלי יבמות ס""ג ב\', ובדה""ר ח""א כרך ה\' דף שנ""ב כתב שהן התרמודיים שכבשו את נהרדעא בשנת ד""א י""ט ליצירה והן ידועים לקשָׁתים (ע\' תענית פ""ד סה""ט ומ""ש בתרומות פ""ח ה""י) וצ""ל ""מאן אינון הרובין תרמודייא"" ולאחר זמן ששקטה בבל חזרו להפריש תרומות ומעשרות.']"
Jerusalem Talmud Shabbat 7:1,20a,2b,18a,"['@זעירא בר חייא בר אשי בשם כהנא הנוטע בשבת כו\'.# — צ""ל: זעירא ר\' חייא בר אשי בשם כהנא כו\' (וכ""ה בסנהדרין פ""ז ה""ה).', '@ריבר""ב בשם רשב""ל הקוצץ קורת שקמה חייב עליה משום שלש אריבר""ב ולא פליגין כו\'.# — חסר כאן וכצ""ל: חייב עליה משום שלש ר\' יוחנן אמר אינו חייב אלא שתים א""ר יוסי בר""ב ולא פליגין כו\'.', '@ר\' יוסי שמעית טעם מן דר\' שמעון בשם ר\' אחא ולית אנא ידע כו\'.# — צ""ל: שמעית טעם מן דר\' שמי בשם ר\' אחא כו\' (וכן מצינו למעלה בעמוד זה ועוד בפ""א ה""א דף ב\' ע""ג וכן ביבמות פט""ז ה""ו שאמר ר\' שמי בשם ר\' אחא) צמוקין ונסב בסלה וקולטה (ע\' רקח סימן סמ""ך).', '@כד יהיב משקין משום דש.# — בק""ע הגיה ""משום לש"" וכ""ה באמת באו""ז ח""ב סימן ס""א.', '@ההן סיקורה כד מכחד בגרדיה בקליפופיתיה משום בורר כו\'.# — צ""ל: ההן סיקורה (פי\' קנה דבש שעושין ממנו סוקר ע\' בה""ג ברכות פ""ו סכר קנה דיליה ודאי עץ הוא) כד מבחר בגרריה בקליפותיה כו\' כד משקע באנטרין (פי\' אנטרין הוא דפוס בלשון רומית ע\' ערוך ערך אנטרין) משום בונה כד מקטע בנומייא (פי\' שחותך וקוטע הפירורין והנימין שבולטין סביב הדפוס וכעין זה לקמן עמוד ג\' במלאכת הטויה כד מקטעה בנימייא משום מחתכת וע""ע ביצה פ""ד ה""ה) משום מחתך.', '@בצל שריסקו אם ליתן טעם אסור אם להוציא שורפו מותר.# — צ""ל: אם ליתן טעם מותר אם להוציא שורפו אסור (וע\' רקח סימן ס""א שהעתיק כנוסח שלפנינו).']"
Jerusalem Talmud Shabbat 7:1,20b,2b,18a,"['@ר\' בא בר חייא בר אשי זה שרוקק מבליעו בכסותו.# — צ""ל: ר\' בא בשם ר\' חייא בר אשי כו\' (וכ""ה במאמר שלאחריו, ושוב מצאנו בס\' משפחות סופרים ערך ר\' אבא בר חייא בר אשי שגם הוא הגיה כן).', '@אפי\' רמונים מן גוא רמונים או כיני אפי\' בני נש מן גו בני נש כו\'.# — צ""ל: אפי\' רמונים מן גו רמונים (פי\' שבורר את היפים ואוכל) אין כיני אפי\' בני נש כו\' הבון דעתיכון אתון מיכול קיסייא בסופא (פי\' וה""נ בבורר רמונים יפים ואוכל הוי כמו נתן דעתו לאכול הגרועים, שכ""ה המנהג לאכול היפים תחלה או הגדולים ואח""כ הגרועים או הקטנים).', '@ומה המרקד קמח מלמטן וסולת מלמעלן.# — פי\' כדתנן באבות פ""ה ונפה שמוציאה את הקמח וקולטת את הסולת וע""ע במנחות ע""ו ב\' ובפרש""י שם.', '@בעייא דא מילתא מהו לשנות את הקמח לאחורי הנפה כרבנן.# — צ""ל: מהו לרקד את הקמח לאחורי הנפה כרבנן (פי\' שמאחר דמשנה אפשר דמותר אפי\' בפעם ראשונה) כו\' מלח שחק פלפלין כו\' דחשר גיר (כן העתיק ברקח סימן ס""ד) גבסין (פי\' כמו ""גפסית"").', '@נישמעינה מן הדא הוציא דיו אם בקולמוס כדי לכתוב ב\' אותיות כו\'.# — צ""ל: נישמעינה מן הדא (לקמן פ""ח מ""ג) הוציא דיו כדי לכתוב עליו שתי אותיות ותני עלה הוציא דיו אם בקולמוס כדי לכתוב שתי אותיות אם להגיה כדי להגות אות אחת.', '@ר\' ירמיה בעי מחלפא שיטתיה דרשב""ל דאיתפלגון התולש כנף כו\'.# — צ""ל: ר\' ירמיה בעי לית הדא פליגא על דרשב""ל דתני התולש כנף (ע\' בכורות כ""ה א) כו\' א""ר יוסי ב""ר בון התולש חייב משום גוזז כו\' (וזה דאיתא לפנינו בינתיים ""ולא פליגין"" מיותר כאן, וכיוצא בזה כתבתי למטה בסוף עמוד ג\' [עמ\' 172] וזה נשתרבב ממקומות אחרים כמו למעלה בדף זה יו""ד ע""א, ברכות פ""ו ה""א יו""ד א\', עו""ש ע""ב).']"
Jerusalem Talmud Shabbat 7:1,20c,2b,18a,"['@ר\' כהן בשם רבנן דקיסרין המיינטון חייב משום מלבן.# — צ""ל: המיינטון שנתנו באש חייב משום מלבן (פי\' המיינטון הוא בגד הנארג ממין אבן המתחלקת לחוטים וכשבגד כזה מתלכלך נותנין אותו באש ומתלבן ע\' דברים רבה סו""פ תבא ואגדת בראשית סו""פ כ\', כ""כ הרה""ג ר""ש באבער ז""ל בהערותיו לפסיקתא דר""פ פיסקא יו""ד אות רט""ו).', '@ההן דעביד ממזור חייב משום טויה.# — נראה דממזור הוא כמו מיזרן שבכלים פי""ט מ""ג וע""ש בפירוש הרמב""ם ור""ש.', '@ההן דעבד קופין כד צפד משום מיסיך כו\'.# — צ""ל: כד צפר לאורך משום מיסיך לרוחב משום אורג כד מחייט כו\' (כן העתיק באו""ז ח""ב סימן ס""ד).', '@ההן דעביד מלין ערסיין לאורך כו\'.# — צ""ל: ההן דעביד מטין ערסיין לאורך כו\' (וזה כמו ששנינו בכלים ר""פ ט""ז המטה והעריסה).', '@קנקלטון משום עושה בתים.# — הוא מעשה שׂבכה כ""ש במוסף הערוך ערך קנקל.', '@א""ר יוסי מכיון שהבטיחן הקב""ה שהוא מכניסן לארץ כו\'.# — צ""ל: א""ר יוסי ב""ר בון מכיון שהבטיחן הקב""ה שהוא מכניסן לארץ כמי שהוא לשעה מהו כדון א""ר פנחס מתופרי יריעות למדו (וכ""ה למטה ריש ה""ד וכן בר""פ י""ב).', ""@ר' חנינא אמר עד יחות כל סיטרא כו'.# — ע' בסוף כלאים (עמ' 62) מה שהגהתי בסוגיא זו וביאורה."", '@משור פר מקרין ומפרים מקרן כתיב השוחטו רשב""ל כו\' מסרגלין לון ואתיא כו\'.# — צ""ל: מקרין ומפריס מקרן כתיב ואתיא כהא דא""ר שמואל בשם ר\' אבהו אין עושין אהלין מעור בהמה טמאה (פי\' דאהל העשוי מעור בהמה טמאה אינו נטמא מן המת שבתוכו מפני שלא מצינו בתורה אהל מבהמה טמאה דתחש מין חיה טהורה היה, ולעיל פ""ב ה""ג איתא דר\' אלעזר שאל מהו לעשות אהל מעור בהמה טמאה ומה שפירש בק""ע כאן תמוה) השוחטו רשב""ל אמר לית כאן שחיטה כו\' מה עיבוד היה במשכן שהיו משרטטין בעורות (פי\' שא""א לומר עיבוד ממש שכבר שנינו ""והמולחו"" דמליחה כעיבוד הוא וכן בבבלי ע""ה ב\' היינו מולח היינו מעבד ר\' יוחנן ורשב""ל דאמרי תרווייהו אפיק חד מינייהו ועייל שירטוט) מה משרטטין לון מסרגלין לון הממחקו מה מחיקה היתה במשכן כו\'.', '@ר\' אחא בשם ר\' יהודה בן לוי משום מוחק כו\'.# — צ""ל: ר\' אחא בשם ר\' יהושע בן לוי משום ממחק (כ""ה בחדושי רמב""ן) הדא דאת אמר בחדש אבל בישן פטור. תני המכבד המרבץ כו\' וחכ""א משום שבות א""ר יוסי ב""ר בון המכבד המרבץ כו\' (ומ""ש בינתיים ""ולא פליגין"" מיותר כ""ש למעלה סוף עמוד ב\').\n<br>ודע שבאותו ענין דהכא איתא בבבלי ע""ה ב\' א""ר אחא בר חנינא השף בין העמודים בשבת חייב משום ממחק, ומזה נראה דר\' אחא סתם דירושלמי הוא עצמו ר\' אחא בר חנינא דבבלי; עוד בירושלמי סופי""א דיבמות ר\' אחא בשם ר\' יסא כו\' ואותו ענין בבבלי שם ק""א א\' ר\' אחא בר חנינא א""ר אסי (וכבר כתבתי בחלה פ""ג ה""ו שר\' אסי דבבלי הוא ר\' יסא דירושלמי ושלפעמים הוא מכונה בירושלמי ר\' יוסי); עוד בירושלמי ברכות פ""ט ה""ג דף י""ג ע""ד ר\' אחא ור\' חיננא בשם ר\' יוסי עד שתתמלא פגימתה, ואותו ענין בבבלי סנהדרין מ""א ב\' ר\' אחא בר חנינא א""ר אסי, ועוד למעלה בסופ""ג דמכילתין ר\' אחא בר חנינא ר\' יסא בשם ר\' יוחנן מנורה קטנה מותר לטלטלה, ואותו ענין בבבלי מ""ה ב\' ר\' אחא בר חנינא א""ר אסי הורה ריש לקיש בציידן מגורה הניטלת בידו אחת מותר לטלטלה ע""כ. ולפ""ז נראה שיש להגיה בירושלמי ר\' אחא ור\' חיננא ר\' יסא כו\' (וכעין דאיתא בירושלמי ברכות פ""ט הנ""ל<sup class=“footnote-marker”>1)</sup><i class=“footnote”> ונמצא הרבה פעמים בירושלמי שר\' אחא אמר בשם ר\' חיננא כמו בעירובין פ""ה (דף כ""ג ע""א) ותרומות פ""א ה""ג (ואותו ענין ביבמות פי""ג ה""ב דף י""ג ע""ד ר\' אחא בר חיננא והוא ט""ס), ולפעמים אמר בשם ר\' חנינה (והכל אחד) כמו ביבמות פ""א ה""ב ר\' אחא ר\' חנינא בשם ר""ש בן לקיש זאת אומרת כו\' (ואותו ענין עו""ש פי""ג ה""א דף י""ג ע""ג ""ר\' אחא בר חנינא"" והוא ט""ס). ור\' חנינה או ר\' חיננא זה שר\' אחא אומר בשמו אינו ר\' חנינא הראשון רבו של ר\' יוחנן אלא הוא השני תלמידו של ר\' יוחנן (ע\' מ""ש בקידושין פ""ג ה""ד) מדאמר בשם ר""ש בן לקיש (ואפשר דר\' חנינא השני הוא אביו של ר\' אחא זה שאמר בשמו) ובכתובות סופ""ב ר\' אחא ר\' חנניה בשם ר\' יוחנן.</i>), ועוד בברכות פ""ט ה""א דף י""ג א\' ר\' יודן בשם ר\' אחא הקב""ה דרכו בקדושה כו\' ואותו ענין נמצא במדרש תנחומא החדש (הוצאת הרה""ג ר""ש בובער ז""ל) פ\' בראשית אות ז\' בשם ר\' אחא בר חנינא; עוד מצינו בסנהדרין פ""א ה""ב שר\' אחא היה מלוד וידוע שלוד היא מדרום וה""נ מצינו בבבלי סוכה נ""ד א\' יבמות נ""ז א\' וסוטה כ""ד ב\' כי אתא ר\' אחא בר חנינא מדרומה. ונראה שהיה ר\' אחא זה בבבל ולמד אצל ר\' הונא כ""ש באגרת ר\' שרירא גאון דר\' אחא בר חנינא איעקר מפירקיה דר\' הונא (שכן היה הנוסח לפניו ביבמות ס""ד ב\' ולפנינו נשמט זה) ואח""כ חזר לא""י, ור\' חנינא אבי ר\' אחא אפשר שהוא ר\' חנינא בר חמא שהיה איזה זמן בלוד (ולוד היא מיהודה כמבואר בירושלמי סנהדרין שם ויהודה היינו דרום כדמוכח בסוף הוריות) כדאיתא בשקלים רפ""ה ועוד בברכות פ""ח סוה""א שר\' חנינה היה בדרום (וע\' מ""ש שם, עמ\' 19). עוד מבואר במע""ש פ""ה ה""ה שר\' אחא היה כהן, וכן בבבלי בכורות נ""א ב\' שר\' חנינא היה כהן. וגם נזכר ר\' חנינא אביו של ר\' אחא בתנחומא החדש פ\' נשא ס""ד ובפ\' שלח סכ""ז ולפ""ז משמע שאינו ר""ח בר חמא.']"
Jerusalem Talmud Shabbat 7:1,20d,2b,18a,"['@א""ר זעירא קומי ר\' מנא שכן שוו בהיסק כו\'.# — צ""ל: א""ר עזרא (ע\' מ""ש בשביעית פ""ה ה""ט, עמ\' 68) קומי ר\' מנא כו\' קומי ר\' יוסי שכן שוין במצניע לזרע לדוגמא ולרפואה (לקמן ר""פ יו""ד) א""ר חנניה כו\'.', '@א""ר חנניה קופדה משלים לפיסתה כו\'.# — זה ענין בפני עצמו וביאור זה דשיעור הבשר הוא פחות מכגרוגרת, ונראה דשיעורו כדי ללפת בו כביצה קלה וכעין הא דתנן בפ""ט מ""ה תבלין כדי לתבל ביצה קלה.', '@מודה ר\' הושעיה שאם הוציא תבן לפרה כמלא פי גדי שהוא פטור דלא תיסבור כו\'.# — צ""ל: שאם הוציא עשבים לפרה כמלא פי גדי שהוא חייב דלא תיסבור כו\' (וכעין זה בבבלי ע""ו א\' לרבין).', '@ר\' בון בר חייא בעי הגע עצמך שאין בתבשיל כגרוגרת כו\'.# — צ""ל: הגע עצמך שיש בהן (פי\' בקליפין וגרעינין ועוקצין וסובין ומורסין, ועל דברי ת""ק קאי) כגרוגרת, וכגרוגרת מבטל כגרוגרת (פי\' מאחר שיש בפסולת כגרוגרת כמו שיש באוכל כגרוגרת אפשר שהפסולת מבטלת את האוכל ואם הוציאן מעורבין יחד פטור).']"
Jerusalem Talmud Taanit 4:1,61c,63c,69c,"['@תני ת""ב שחל להיות ע""ש כו\'.# — צ""ל: ת""ב שחל להיות בשבת כו\' (וכ""ה בבבלי כ""ט ב\').']"
Jerusalem Talmud Moed Katan 3:1,63a,80a,83d,"['@חד תלמיד מן דר\' מנא הורי לחד מן קריבוי דנשייא כו\'.# — ר\' מנא זה הוא ר\' מנא התנא תלמידו של ר\' יהודה ע\' מ""ש בשביעית פ""ה ה""ט (עמ\' 68).', '@אחוי דאיתתיה דבר נחמיה מית אתון ושאלון ליה מהו לכפות את המטה אמר לון לא צריך מהו לקרות את שמע כו\'.# —מן ""מהו לקרות את שמע"" כו\' עד ""וקורא את שמע ומתפלל"" כל זה יש למחוק כאן ונשתרבב מלעיל ראש עמוד זה.', '@א""ר יוסי בי רבי וכיני יום אחד לפני עצרת כו\'.# — צ""ל: א""ר יוסי בי רבי בון וכיני כו\'.']"
Jerusalem Talmud Yevamot 9:1,20a,2a,16b,"['@שתוק ויפה לך היא אוכלת ועבדיה אינן אוכלין.# — פי\' בתמיה (כפירוש ק""ע ודלא כרמב""ם פ""ז ה""כ מתרומות שפירש בניחותא).']"
Jerusalem Talmud Yevamot 9:1,20b,2a,16b,"['@שמואל אמר אין מעשין אלא פוסלין שמואל כו\'.# — צ""ל: שמואל אמר אין מעשין אלא לפסולות כגון אלמנה לכה""ג כו\' (ומה שבינתיים מיותר וליתא בכתובות פי""א ה""ז).', '@ניחא בת כהן שנישאת לישראל חוזרת ואוכלת כו\'.# — צ""ל: ניחא בת כהן שנישאת לישראל (פי\' ומת ויש לה ממנו זרע) אינה חוזרת ואוכלת בת ישראל שנישאת לכהן (פי\' ומת ויש לה ממנו זרע) וחזרה ונישאת לישראל (פי\' וגם זה מת ויש לה ממנו זרע) הואיל כו\'.']"
Jerusalem Talmud Yevamot 10:1,20c,2a,16b,"['@והכא לא שנייא בין שהיא יודעת בין שאינה יודעת.# — פי\' ואסורה וע\' בשו""ת רשב""ץ ח""ג סימן קע""ח שמתיר, וע\' מ""ש בברכי יוסף אה""ע סימן ל""ז.']"
Jerusalem Talmud Yevamot 10:1,20d,2a,16b,"['@א""ר חנניה אפי\' כרבנן דהכא אתייא היא בה קנסו ולא קנסו ביורשיה.# — צ""ל: בה קנסו ולא קנסו בצרתה (ונוסח שלפנינו נשתרבב מלעיל פ""ט ה""ה).', '@נישאת ע""פ ב""ד ר\' בא ר\' המנונא ור\' זעירא תריהון אמרין זהו ראשו של פרק.# — כל זה מיותר כאן ומאמר ר\' בא ר\' המנונא כו\' נשתרבב מלמטה סוף ה""ח דף י""א סוף ע""א וגם שם נוסף מקצת סוגיא דהכא שאינו שייך שם כל עיקר וע\' מ""ש שם.', '@מה א""ר יוסי בשאר כל הדברים# (פי\' ר\' יוסי שאמר במשנה ב\' ""כתובתה על נכסי בעלה הראשון"" אם גם שאר כל הדברים יש לה על הראשון או שמא כתובה דוקא ומודה בשאר כל הדברים) נישמעינה מן הדא (בפרקין משנה יו""ד) ר\' יוסי אומר כל שהוא פוסל כו\' זהו ראשו של פרק (פי\' דר\' יוסי אמר דבריו על ראש הפרק באשה שהלך בעלה למדינת הים ובאו ואמרו לה מת בעליך ונישאת ואח""כ בא בעלה אם נישאת ברשות ב""ד בין שהיו לה שני עדים שמת בעלה ובין שלא היה לה אלא עד אחד תצא מזה ומזה דמאחר שאם גירשה השני או מת נאסרה על הראשון פוסל נמי ע""י עצמו שאם מת הראשון או גירשה הרי זו אסורה לשני, אבל אם הלכה מדעתה ונישאת ולא שאלה מב""ד ואח""כ בא בעלה הראשון על זה שנינו ""נישאת שלא ברשות מותרת לחזור לו"" פי\' לראשון שכ""ה שיטת הירושלמי כמו שאבאר למטה וכיון שאינו פוסל ע""י אחרים אינו פוסל נמי ע""י עצמו שאם מת הראשון או גירשה מותרת לשני) הדא אמרה (פי\' מזה שאמר ר\' יוסי כל שפוסל ע""י אחרים פוסל ע""י עצמו) לא חלק ר\' יוסי בשאר כל הדברים.', '@ר\' יוסי ור\' לעזר יודון לר""ש ר""ש לא יודי לר\' יוסי ור\' לעזר.# — צ""ל: ר\' יוסי ור\' לעזר לא יודון לר""ש (פי\' דר""ש סבר דכ""מ שאסור לייבם לכתחילה אם עבר וייבם אף שהיא ביאה פסולה פוטרת וכר\' נחמיה לעיל פ""ה ה""ז וחכמים חולקין עליהן ע""ש) ר""ש יודה לר\' יוסי ור\' לעזר.', '@לא מסתברא דלא נישאת ברשות מותרת שלא ברשות אסורה# (פי\' כבר כתבתי לעיל דשיטת הירושלמי דברשות היינו ע""פ שאלה לב""ד והן התירו בין שהיה לה עד אחד שמת בעלה ובין שהיו לה ב\' עדים, ושלא ברשות היינו שנישאת בעצמה בלא שאלת ב""ד וגם באופן זה אין הפרש בין שהיה לה עד אחד שמת בעלה ובין שהיו לה ב\' עדים וכ""ה שיטת התוספתא פי""א דתני התם האשה שבאה ואמרה מת בעלי ונישאת ע""פ עצמה ובא בעלה מותרת לחזור לראשון וע""ש, ולשיטה זו יפה הקשו בירושלמי כאן דאיפכא מסתברא דאם נישאת ברשות ב""ד תהיה מותרת לחזור לראשון אבל שלא ברשות תהיה אסורה לחזור לראשון) א""ר יוחנן דברי ר""ש עשו ב""ד הורייתן כזדון איש ואשה (פי\' דאשה שנישאת ע""פ ב""ד הכל יודעין שנישאת בהיתר שא""א לעלות על הדעת שב""ד יטעו בזה לכן אם יתירו לה לחזור לראשון יאמרו שהחזיר גרושתו ולכך אסורה לחזור לו, אבל אם נישאת ע""פ עצמה מותרת לחזור לראשון שהקול יוצא שבא בעלה הראשון והכל ידעו שבשגגה נישאת לשני שהיתה סבורה שמת הראשון ודינה כשגגת איש באשה שיש לה בעל שמותרת לבעלה) א""ר יוחנן לית כאן פטורה אלא חייבת (פי\' דזה ששנינו במשנה ג\' ""נישאת ע""פ ב""ד תצא ופטורה מן הקרבן"" אינו כן אלא חייבת בקרבן מפני שאין זה כהוריית ב""ד אלא כטעות ב""ד כאלו הורו ב""ד ששקעה חמה במוצאי שבת) כו\' ולא עקירת גוף הוא (פי\' ולמה לן טעות ואפי\' היא הורייה מ""מ חייבת בקרבן וכדתנן בהוריות פ""א מ""ג הורו ב""ד לעקור את כל הגוף כו\' פטורין וכיון שב""ד פטורין היחיד חייב).', '@בשהורו עד חמש שנים אסורה כו\'.# —צ""ל: כמו שהורו עד חמש שנים מותרת מכאן ואילך אסורה (פי\' שאילו ידעו ב""ד שיבא הראשון לא היו מתירין אותה לכך היתרן דומה כאילו התירוה לזמן עד שיבא הראשון ואין זה עקירת גוף) כו\' הקילקול דומה לאכילת חלב ודם כמו שהורו מותר לאכול חלב ואכל דם (ומבואר דלשיטת הירושלמי ""ב""ד"" הוא ב""ד הגדול כב""ד שבהוריות).', '@מתניתא פליגא על ר\' יוחנן שנים אומרים נתקדשה ושנים אומרים לא נתקדשה.# — צ""ל: שנים אומרים נתגרשה ושנים אומרים לא נתגרשה.']"
Jerusalem Talmud Kiddushin 1:1,120a,58b,66b,"['@ר\' ירמיה אמר מאחר לרבו הא מרבו לאחד לא# (פי\' שרבו נתן מכספו לאחר כדי שיפדה זה את עבדו ממנו) א""ר זעירא אפי\' מרבו לאחר מהו מוציא? מרבו לעצמו (פי\' שאם הרב נתן מכספו לעבדו כדי שיפדה בו את עצמו ממנו שאינו מועיל שהרי כסף זה אף בידי העבד עדיין הוא של רבו).', '@א""ר אבין אתייא כרבי דר""א אדם משחרר חצי עבדו כו\'.# — פי\' זה שא""ר זעירא על דעת ר\' מאיר שאם רבו נתן מכספו לאחר כדי שיפדה את עבדו בו ה""ז פדוי אבל אם נתן מכספו לעבד שלו שיפדה את עצמו בו ממנו אינו מועיל אתייא כרבי, אבל לחכמים כל שאינו ראוי לזכות ע""י עצמו אינו ראוי לזכות ע""י אחר וכדמסיק למטה.', '@הגביה את המציאה ואמר על ידי שאזכה בה אני ולא רבי כו\'.# — צ""ל: הגביה את המציאה ואמר על מנת שאזכה בה אני ולא רבי על כרחו זכה הוא ורבו או זכה הוא ולא רבו (פי\' לר""מ דאמר שאינו זוכה בכסף ע""י עצמו, אבל לרבנן פשיטא דזכה הוא ולא רבו) כו\' מאן תנא ולא ליך (פי\' שצריך להוסיף ""ולא ליך"") ר""מ דר""מ עביד יד עבד כיד רבו (פי\' וה""ה יד אשה כיד בעלה) הוא יד האשה כיד בעלה במתנה (פי\' שאם אמר לה ובלבד שלא יהא לבעליך רשות בהן אלא מה שאת נותנת לפיך, שלר""מ קנה בעלה מאחר שלא אמר לה ""ולא ליך"") הוא יד העבד כיד רבו במציאה (פי\' בשאמר ע""מ שאזכה בה אני ולא רבי) כר\' מאיר (פי\' וזכה בה רבו) א""ר עזרא קומי ר\' מנא כו\' (ע\' מ""ש בשביעית פ""ה ה""ט).', '@לא הכל ממנו לשעבד בניה מה הם עבדים מה שייר בה מעשי ידיה.# — צ""ל: לא הכל ממנו לשעבד בה בניה מה הם עבדים מה שחרר בה מעשי ידיה (וע\' בבלי גיטין מ\' א\').', '@ר\' אמי בשם ר\' יוחנן שניהן עבדים וכרבי דרבי אמר אדם משחרר חצי עבדו.# — צ""ל: שניהן עבדים וכרבנין דרבנין אמרין אין אדם משחרר חצי עבדו.']"
Jerusalem Talmud Kiddushin 1:1,120b,58b,66b,"['@לקנות וולדותיה לא קנה לקנותה היא וולדותיה קנה אילו האומר כו\'.# — יש להחליף הגירסא וכצ""ל: לקנותה היא וולדותיה קנה א""ר יוסי הדא דתימר (פי\' ארישא לקנות וולדותיה לא קנה) בשלא היתה הבהמה עוברה (פי\' אלא לקנות וולדותיה שכבר נולדו) אבל אם היתה עוברה עשו אותה כמשאה אילו האומר לחבירו משוך את הבהמה הזו שתקנה משוי שלה שמא לא קנה ר\' אבא ר\' הונא כו\'.', '@ההן דנסב כזניתא והיא מתחטפא מי חייב בה כו\'.# — צ""ל: והיא מתחטפא מידיה (פי\' שנגזלה ממנו) חייב בה כו\' בקיסרין וחברותיה (פי\' דשם היו עושין כלי זה במדה אחת ומשקל אחד וגם היה להן מחיר קבוע לזה והרי הוא כפסק המקח וקנה במשיכתו מיד) ברם הכא כו\' (פי\' שהיו עושין כלים הללו בכמה מדות ומשקלות לכן לא סמך בדעתו עד שישקלנה).', '@המוכר בית לחבירו כיון שצבר לתוכו קנייו ר\' יודה בן פזי בעי כו\'.# — חסר כאן וכצ""ל: כיון שצבר פירות לתוכו קנייו א""ר שמואל ב""ר יצחק ובלבד פירות שראויין לצבור (כ""ה בב""ב רפ""ג וכן העתיק בעיטור אות שי""ן שכירות) ר\' יודה בן פזי כו\'.', ""@עוברי בהמה לחבירו לא עשה כלום.# — פי' עוברין שעתידה להתעבר בהן אבל אם היא מעוברת יכול למכור עובר זה כמבואר לעיל."", '@וקחו לכם צאן למשפחותיכם כי הא דר\' יהודה שלח לשאול בהמה גסה כו\'.# — צ""ל: קחו לכם צאן למשפחותיכם רב יהודה שלח שאל לר\' אלעזר בהמה גסה כו\' (וכעין זה כמה פעמים למטה והוא ענין מיוחד ולא שייך אלמעלה).', '@שומר שמסר לשומר א""ל הראשון חייב ר\' יוחנן אמר השני חייב כו\'.# — צ""ל: ר\' יוחנן אמר הראשון חייב (כדמוכח בגיטין פ""ג ה""ה) רב אמר (ונשמט מן ""אמר"" עד ""אמר"") השני חייב (ע\' ב""ק פ""ו ה""ב מבואר דלרב השני חייב) רשב""ל אמר השני חייב.', '@א""ר יוסה צריך להעלות לו שכר כל זמן שהיא שכורה אצלו.# — ע\' כתובות פ""ט ה""ה (עמ\' 394) מה שתקנתי ופירשתי בזה.', '@היך עבדין עובדא א""ל תריי כל קבל ארבע כו\'.# — פי\' רשב""ל ורב נגד ר\' אלעזר ור\' יוחנן ור\' ינאי ור\' חייא, ועל זה השיב לו ר\' זעירא שאינן אלא ב\' כנגד ב\' כדתני בתוספתא סנהדרין פ""ז שבדיני ממונות הרב ותלמידו אינם נימנין אלא אחד.', '@עולא בר ישמעאל אמר מצויה דעתיה על דר\' לעזר כו\'.# — צ""ל: עולא ב""י אמר מצית (פי\' חשבתי ודקדקתי, ע\' מ""ש ביבמות סופ""ח [עמ\' 353] ובערוך ערך חבב) על דעתיה דר\' לעזר ולא שנייה כו\' (ע\' בבלי כתובות ס""ב א, ורמב""ם פכ""ב הי""א מאישות, והדבר נעלם ממראה הפנים ושירי קרבן ע""ש).']"
Jerusalem Talmud Kiddushin 1:1,120c,58b,66b,"['@העושה שום לביתו מביאין שום לעצמן לאמצע וחולקין כו\'.# — ע\' בליקוטי הגר""א שבסו""ס הפרנס (ווילנא תרנ""א) שכתב: נראה דט""ס הוא וצ""ל העושה לשם ביתו אין מביאין לאמצע וחולקין העושה קטלא לביתו מביאין לאמצע וחולקין בראויה לחול כו\' (פי\' ארישא קאי).', '@ר\' זעירא בעא קומי ר\' מנא אילין בולסייא כו\'.# — צ""ל: ר\' עזרא בעא קומי ר\' מנא כו\' (ע\' מ""ש בשביעית פ""ה ה""ט, עמ\' 68).', '@מכר לו עשר שדות כאחת כיון שהחזיק באחת מהן החזיק בכולם אבל אם לא נתן כו\'.# —פי\' ובזה יפה כח חזקה מכח כסף ושטר; והנה כנוסח הירושלמי כאן כ""ה בתוספתא כתובות פ""ב, אבל בבבלי דמכילתין כ""ז ב\' נוסח אחר וע""ש בתוד""ה ""במה"" שנדחקו בו.', '@וכי יש אוני בלא כסף.# — צ""ל: והרי יש אוני בלא כסף.', '@אתייא דר\' בא כשמואל ודר\' הונא כר\' יוחנן כו\'.# — צ""ל: אתייא דר\' בא כר\' הונא ודר\' יונה ור\' יוסי כשמואל דשמואל שאל לר\' חונה כו\' כתב מתנה בלשון קניין (פי\' בריא שנתן מתנה וכתב בלשון קניין דהיינו שמכר לו בכסף כ""ה שיטת הירושלמי, אבל בבבלי ב""ב קנ""ב א\' שיטה אחרת שהן חולקין במתנת שכיב מרע דבי רב אמרי ארכביה אתרי ריכשי וע\' בבלי סנהדרין י""ז ב\' ש""דבי רב"" הוא רב הונא וע""ש בתוד""ה אלא. שוב מצאתי במראה הפנים ב""ב פ""ח ה""ד שכתב וההיא ארכביה אתרי ריכשי דבבלי אינו ענין לכאן דהתם במתנת שכ""מ שיש בה קנין קאמר וההיא דהכא במתנת בריא איירי). א""ל ארכביה אתרי ריכשי ברקי (פי\' עיוורים כמו השוכר את החמור והבריקה ב""מ פ""ו מ""ג, והנה באותו ענין בב""ב פ""ח ה""ה איתא ""חזקיה מפרש תרין סוסוון חיוורין"" נראה דחיוורין עניינו כמו ""עיוורין"" וכעין זה בבכורות ל""ח ב\' חוורור) מהו ארכביה כו\' לא אשכח גבי כלום א""ר בא ולא קיבלה שמואל א""ר יוסי ממלחייה (פי\' מבאר טעמו של שמואל) ייפה כוחו בשני דברים כו\' (פי\' שיטת הירושלמי היא כמו דמתנו בפומבדיתא אליבא דשמואל בבבלי ב""ב קנ""ב ב\') מתנה נתן את הכל ואתייא דר\' חונה כר\' יוחנן כו\' אמר אם לזכותו (פי\' שיהא לו כתב זה לזכרון וכן מפורש בב""ב פ""ח ה""ה ""אם לזכרון דברים"") כו\'.']"
Jerusalem Talmud Kiddushin 1:1,120d,58b,66b,"['@א""ל לא כר\' ליעזר הוא שנייא הוא ש""מ דר\' ליעזר הוא ש""מ דרבנן כו\'.# — צ""ל: שנייא הוא ש""מ דר\' ליעזר מבריא דרבנן (פי\' בתמיה דודאי לר\' ליעזר דין ש""מ כבריא) הוא ש""מ דר\' ליעזר הוא בריא דרבנן.', '@קיימה ר\' אבדימא נחותא מודה שמואל בנכסי הגר.# — צ""ל: קיימה ר""א נחותא מה דמר שמואל בנכסי הגר.']"
Jerusalem Talmud Kiddushin 4:1,66c,58b,66b,"['@ר\' יעקב בר אחא בשם ר\' לעזר לאיש ואשתו נצרכה.# — פי\' דהא דתני דצריכין לכסות עצמן בכסותן היינו באיש ואשתו וקמ""ל שלא תאמר דאשתו כגופו ואינן צריכין לכסות עצמן אבל בשני אנשים אין צורך לאשמועינן דפשיטא דצריכין הפסק בכסות (וכעין זה בכתובות פ""ג ה""ו דף כ""ז ע""ד לכן צריכא שלא כדרכה ע""ש) וע\' בבלי ברכות כ""ד ב\'.', '@ר\' יודן בר ישמעאל עבד חד מתניין הכן.# — צ""ל: עבר חד מתניין הכן (פי\' העביר מלמד משניות אחד ממלאכתו משום שלא היתה אשתו במקומו אלא במקום אחר, וכעין זה בפיאה פ""ח ה""ז ""ר\' יוסי עבר חד מן תרין אחין"").', '@תני לא ילמד אדם את בנו חמר וגמל וספן קרר קדר כו\'.# — נ""ל להגיה ""ספר"" במקום ""קרר""; והנה בסדר המשנה שבירושלמי ובבלי ורי""ף ורא""ש לא גרסינן ""ספר""(וכן ליתא במסכת סופרים פט""ו ה""י) ושפיר הוסיפה הברייתא ""ספר"", ולפי נוסח המשנה שבמשניות דאיתא נמי ""ספר"" הנה שם חסר ""קדר"" ולפ""ז הוסיפה הברייתא ""קדר"".']"
Jerusalem Talmud Kiddushin 4:1,66d,58b,66b,"['@ראית מימיך ארי סבל ארי קייץ.# — צ""ל: ארי סבל צבי קייץ (וכ""ה בתוספתא פ""ה ובבלי).', '@עתיד אדם ליתן דין וחשבון על כל מה שראת עינו ולא אכל.# — ע\' תשב""ץ לתלמיד מהר""ם סימן ש""כ שהעתיק בשם ירושלמי דפרק עשרה יוחסין ""ישמעו ענוים וישמחו (תהלים ל""ד ג\') א""ר בון בשם רב עתיד אדם ליתן דין וחשבון על שחזתה עינו מיני מגדים ולא אכל"" וכפי הנראה סמך לו התלמיד על זכרונו וכעין זה כתבתי בסוף פיאה (עמ\' 33) ע""ש.']"
Jerusalem Talmud Bava Metzia 5:1,20a,7d,12c,"['@מודי ר\' יוחנן שאין שטר זוקק לחבירו מודי ר\' יוחנן שאם היה כו\'.# — יש להפך הגירסא וכצ""ל: מודי ר\' יוחנן שאם היה השטר קיים דמנכין ליה (פי\' שאם היה לו שטר הכולל קרן ורבית אינו משלם אלא קרן) מודי ר\' יוחנן שאין שטר זוקק לחבירו (פי\' שאם היו לו ב\' שטרות הכוללין קרן רבית וכבר נפרע אחד מהן קרן ורבית ובא להיפרע מן השני ה""ז מנכה לו את הרבית משטר אחרון אבל אינו יכול לנכות ממנו את הרבית משטר ראשן שכבר פרע וע\' בבלי ס""ז א\').', '@אשרוניה גו ביתיה א""ל הב לי אגר ביתי כו\'.# — ע\' ר""נ נדרים ל""ג ב\' שהעתיק: אשרונה גו ביתיה א""ל הב לי דינריי א""ל הב לי אגר ביתי אתא עובדא קומי ר\' אבא בר זבינא ומוריקו ליה מה דהוה חמי למשרייה (ובשינוי מעט בחדושי רשב""א שם וברא""ש בפרקין סימן ט""ז).']"
Jerusalem Talmud Bava Metzia 5:1,20b,7d,12c,"['@תן לי סלע אחד א""ל אין לי אלא כור.# — צ""ל: תן לי מנה אחד ואני אפרנסנה א""ל אין לי אלא כור אחד חטין במנה א""ל טול לך כו\' (וע\' בבלי ס""ב ב\').', '@לית את צריך והב אגר כלים או אגר הכתפין אקולי כו\'.# — צ""ל: לית את צריך דהב (פי\' ללוות ממני) אגר כלים (פי\' שכר כלים שלי) או אגר כתפין אזבין וסב דינרין מותר ר\' לא אמר בנותן לו שכר רגלו (פי\' שהמלוה משלם ללוה שכר טרחו דאל""כ ה""ל רבית).', '@ר""ז אמר נעשה כמשכיר לו דירה ביוקר.# — פי\' לכך מרבין על השכר במשנה ג\', ודלא כפ""מ שמשך זה למעלה.', '@שכשתמכרנה לא תמכרנה אלא לי שכל זמן כו\'.# — צ""ל: אלא לי מותר שכל זמן שאני רוצה נותן דמיה ונוטלה אסור היה חייב כו\' (וע\' בבלי ס""ה ב\').', '@מ""ד ה""ז כמין רבית ואינה רבית ר""מ כו\'.# — צ""ל: מ""ד ה""ז כמין רבית ואינה רבית ר\' יהודה מ""ד ה""ז רבית אלא שהתורה התירה ר""מ (וכ""ה בערכין ל""א א\') א""ר אידי כו\' קומי ר\' אמי ואמר ה""ז כמין רבית ואינה רבית כו\' אפי\' כן לא אשגח ר\' אמי אמר בייתא עם דיירא דאיר (פי\' ואם היה חייב לו מעות וכתב לו ביתו במכר מותר ללוקח לדור בו דניחא ליה למוכר כדי שלא יחרב ביתו וכעין זה בבלי ב""ק כ""א א\' ""ביתא מיתבא יתיב"" ועי""ש ל\' ב\' ""ר\' אמי אמר וכי מה עשה לו ומה חסרו ומה הזיקו"").', '@המבטל ספינת חבירו וחנות חבירו מהו.# — באו""ז ב""מ סימן של""ט נוסף כאן ""א""ל פטור"" וכ""ה בהג""מ פ""ז משלוחין.', '@המוליך פירות ממקום הזול כו\'.# — יש להחליף הגירסא וכצ""ל: המוליך חבילה ממקום למקום א""ל תנה לי ואני נותן לך כדרך שאתה נותנן למקום פלוני אם באחריות הנותן מותר אם באחריות הלוקח אסור המוליך פירות ממקום הזול למקום היוקר מצאו חבירו ואמר לו תנם לי ואני אעלה פירות שיש לי באותו מקום אם יש לו פירות באותו מקום מותר ואם לאו אסור אבל חמרין המקבלין כו\' כשער הזול ואין חוששין ר\' יודה כו\'.', '@והא מתיבין חונה שליח שנאנס כו\'.# — צ""ל: מתיבין לרב חונה שליח שנאנס פטור על האונסין וחמר שנאנס חייב על האונסין לא פעמים כו\' (פי\' בתמיה).']"
Jerusalem Talmud Bava Metzia 5:1,20c,7d,12c,"['@מ""ד מפני שהשדה מצויה להתברך מפרין על חנות וספינה כו\'.# — צ""ל: מ""ד מפני שהשדה מצויה להתברך אין מפרין על חנות וספינה מ""ד נעשה כמשכיר לו שדה ביוקר מפרין על חנות וספינה אריב""א בפירוש פליגין רי""א אין מפרין על חנות וספינה רל""א מפרין מתניתא מסייעא לר\' יוחנן ופליגא על ר""ל אין מפרין כו\'.', '@תמן את מר נושא שכר חייב על האונסין אסור כו\'.# — צ""ל: הכא את מר נושא שכר חייב על האונסין אסור (פי\' דהכא במקבל צאן ברזל הרי הוא מקבל עליו אחריות אונסין והוא שוכר ממנו בסלע מכל או""א ואסור ודין שוכר כנושא שכר) ותמן את מר נושא שכר חייב על האונסין מותר (פי\' לעיל ה""ה דחמרין מותרין להעמיד לבה""ב במקום היוקר כשער הזול מפני שהן כשלוחים אע""פ שהאחריות על החמרים).', '@גוי שלוה מישראל וביקש להחזירם לו א""ל ישראל אחר חנם לי ואני מעלה לו רבית מותר.# — צ""ל: ואני מעלה לך רבית כדרך שאתה נותן לו מותר כו\' והוא שהעמידו כו\' (פי\' אבל לא העמידו אלא שהגוי שאל מהמלוה והרשהו להלוות לישראל אחר על אחריותו מותר).', '@ישראל שלוה מגוי וגוי מישראל ונתגייר בין שזקפן עד שלא נתגייר בין משגתגייר גובה הקרן ולא הרבית אבל כו\'.# — צ""ל: גובה הקרן ולא הרבית דברי ר""מ ר\' יוסי אומר ישראל שלוה מגוי ונתגייר בין שזקפן עד שלא נתגייר בין משנתגייר גובה הקרן ולא הרבית (ונשמט מן ""הרבית"" עד ""הרבית"") אבל גוי שלוה מישראל כו\' (וע\' תוספתא פ""ה) שאת מבריחו מן הריבית (פי\' שמה שיתגייר תציל אותו מלשלם ריבית).', '@ותימה אנא איך רבנן פליגי בין פוסק לפירות כו\'.# — צ""ל: איך רבנן פליגי אם פוסק על המעות מותר (פי\' מפני שהוא יכול לקנות מן הסירקי כמה שירצה) אם פוסק על המלוה אסור א""ר ירמיה במלוה איתפלגון אבל בפיסוק (פי\' על המעות) כל עמא מודו שמותר א""ר יוסי בפיסוק איתפלגון אבל במלוה (פי\' שפוסק על המלוה) כל עמא מודי שאסור ותני כן היה חייב לו מעות ובא ליטול ממנו בגורן וא""ל עשם עלי כשער שבשוק ואני אעלה לך כל י""ב חדש אסור דלא כאיסרו הבא לידו (כל זה איתא למטה ואינו שייך שם כל עיקר ומקומו כאן) דבי ר\' ינאי אמרי פוסקין על השחת כו\'.', '@ונסב מיניה בשעה זלילה דכל שתא כו\'.# — צ""ל: בשעה זלילה בכל שתא (פי\' שנתן מעות לקפילא בשעת הזול ובאותו שער קיבל ממנו כל השנה) ולא מודי לרב (פי\' שהרי בקפילא מחוסרין כמה מעשים).', '@נפק קבעה במתניתא ותני כ ן כו\'.# — צ""ל: נפק וקבעה במתניתא. אמר רב (ומה שבינתיים שייך למעלה כ""ש שם) מודי ר\' חייה חביבי דאין יהבין ליה אגרי מן כבר וקנה מן כבר (פי\' שאם מוכר להן הפשתים מעכשיו ומעכשיו הוא קובע המקח קצוב אע""פ שהוא ביוקר) שרי (פי\' אף שהחמרים מקבלין את הפשתן לאחר זמן ומשלמין מעות לאחר זמן) אגרא מן כבר וקנה בתר כן (פי\' שקבע מקח קצוב מעתה ביוקר ולאחר זמן כשיתן מעות אז יקנה הפשתן) שרי קנה מכבר ואגרא בתר כן (פי\' שמקנה להן הפשתן מעכשיו ע""פ השער שיהיה בשעת מתן מעות) אסור (פי\' שמא יעלה השער ונמצא משלם יותר מפני שהמתין על המעות).', '@בר נש דיהיב לחבריה מהו דינרין כו\'.# — צ""ל: בר נש דיהיב לחבריה מאה דינרין כגון אילין דיהבין עיבידתא לאילין דמפרשין (פי\' יורדי הים) מתרתין קסוסטבן (פי\' לוגין) ואזלין משלשה קסוסטבן אין כו\' (וע\' בבלי ע""ג א\'). ואולי צ""ל: לאילין דמפרשין ואזלין מתרתין קסוסטבן ונסבן מתלתא קסוסטבן.']"
Jerusalem Talmud Bava Metzia 6:1,20d,7d,12c,"['@היך אתון עבדין מן חמש רבן כו\'.# — צ""ל: מן חמשה רביין (פי\' נערים ועניינו שה\' פועלים עושין מלאכה כזאת) ואשכחון עבדין מן עשרה רביין (פי\' והרי הטעו האומנין לבה""ב) למלאכה (פי\' וה""נ יש למצוא טעות במלאכה) היך אתון עבדין מן עשרה יומין (פי\' שאמרו לו הפועלים שהמלאכה מרובה ויש לעבוד בה עשרה ימים ולכן שילם להם בה""ב יותר מכדי שווייה) כו\' הטען בה""ב מהו (פי\' באיזה אופן משכחת לה שבה""ב הטעה את הפועלים) כו\' מעשרה רביין ואשכחון עבדין מחמשה רביין כו\' (ובנימוקי יוסף פירש לפי גירסתנו ""שרובן עושין מכך וכך דינרין"" וזה דוחק).', '@אמר לון רב פוק והב לון כו\'.# — צ""ל: אמר ליה לרב פוק והב לון אגרן משלם ואמור להון כו\' אלא אנא חייה מוותרית לכון (פי\' שמן הדין אינו חייב ליתן להן שכרן משלם) בד""א כו\' (וע\' בבלי ע""ו ב\').']"
